Name,Gender
it_4001_XL,m
it_4004_M,m
it_4006_M,f
it_4009_M,f
it_4011_XL,m
it_4019_2XL,m
it_4024_M,f
it_4027_XL,m
it_4029_L,f
it_4030_XS,f
it_4031_XL,f
it_4034_L,f
it_4039_L,m
it_4040_M,f
it_4042_M,m
it_4046_2XL,m
it_4048_XL,m
it_4049_2XL,f
it_4051_3XL,m
it_4052_3XL,m
it_4057_2XL,m
it_4059_S,m
it_4063_XL,m
it_4064_L,m
it_4067_M,m
it_4070_L,f
it_4073_XS,m
it_4075_M,m
it_4080_3XL,m
it_4081_XL,m
it_4082_M,m
it_4083_2XL,m
it_4085_M,f
it_4091_L,f
it_4093_M,m
it_4095_L,m
it_4100_L,f
it_4102_L,f
it_4108_L,m
it_4112_3XL,m
it_4117_M,f
it_4123_S,m
it_4124_M,f
it_4127_M,m
it_4130_M,m
it_4133_L,m
it_4134_M,m
it_4138_L,m
it_4140_L,f
it_4141_M,f
it_4142_L,f
it_4143_M,m
it_4144_M,m
it_4146_M,f
it_4152_2XL,m
it_4154_M,m
it_4156_XL,m
it_4158_S,f
it_4160_XL,m
it_4161_2XL,m
it_4163_XL,f
it_4166_L,f
it_4169_M,m
it_4181_XL,m
it_4183_S,m
it_4187_S,f
it_4191_M,m
it_4192_M,f
it_4193_M,m
it_4195_M,f
it_4196_M,m
it_4198_XL,f
it_4201_L,f
it_4202_L,f
it_4205_M,f
it_4224_XL,m
it_4233_XL,m
it_4234_2XL,m
it_4236_2XL,m
it_4238_M,m
it_4239_L,f
it_4241_S,f
it_4243_M,f
it_4245_XL,m
it_4246_M,f
it_4247_L,m
it_4248_M,m
it_4251_M,f
it_4260_M,f
it_4265_L,f
it_4268_2XL,f
it_4273_M,f
it_4277_M,f
it_4286_L,m
it_4287_M,m
it_4288_XL,m
it_4289_L,m
it_4290_M,m
it_4291_M,m
it_4293_M,m
it_4294_M,m
it_4297_2XL,m
it_4303_XL,m
it_4314_3XL,m
it_4318_M,m
it_4319_3XL,m
it_4321_M,m
it_4322_L,m
it_4324_XS,m
it_4327_S,f
it_4328_L,m
it_4331_M,m
it_4334_L,m
it_4339_M,f
it_4342_XS,m
it_4346_M,m
it_4347_M,m
it_4352_L,m
it_4355_XL,m
it_4356_S,m
it_4358_M,m
it_4362_M,m
it_4363_2XL,m
it_4365_M,f
it_4367_M,m
it_4368_4XL,m
it_4371_S,f
it_4373_XL,m
it_4375_M,m
it_4378_M,m
it_4381_XS,m
it_4382_2XL,f
it_4387_2XL,m
it_4393_M,f
it_4394_M,f
it_4397_L,f
it_4399_M,f
it_4404_XL,f
it_4408_3XL,m
it_4409_L,m
it_4411_M,m
it_4412_XL,m
it_4416_L,m
it_4420_L,m
it_4424_M,f
it_4425_2XL,m
it_4427_2XL,m
it_4437_2XL,m
it_4439_M,f
it_4445_XL,f
it_4455_M,f
it_4460_XL,f
it_4463_3XL,m
it_4465_3XL,m
it_4468_L,f
it_4474_XL,m
it_4476_3XL,f
it_4479_S,f
it_4481_L,m
it_4482_S,f
it_4485_M,m
it_4501_XL,m
it_4502_L,f
it_4506_XL,f
it_4507_XL,f
it_4511_L,m
it_4515_XL,m
it_4519_XL,m
it_4523_M,f
it_4527_M,m
it_4529_M,m
it_4530_XL,m
it_4532_M,f
it_4533_L,f
it_4537_XL,f
it_4546_M,m
it_4548_M,f
it_4551_M,m
it_4561_L,m
it_4564_M,f
it_4569_M,f
it_4572_3XL,m
it_4574_3XL,m
it_4578_L,f
it_4586_M,m
it_4590_XL,m
it_4591_XL,m
it_4592_S,f
it_4593_XL,m
it_4599_L,m
it_4602_S,m
it_4606_XL,f
it_4607_M,f
it_4611_3XL,m
it_4614_M,f
it_4622_2XL,f
it_4627_3XL,m
it_4631_L,m
it_4634_XL,m
it_4640_XL,m
it_4641_L,m
it_4644_M,m
it_4648_M,m
it_4652_M,m
it_4653_L,m
it_4658_M,m
it_4663_L,f
it_4664_3XL,f
it_4667_XL,m
it_4669_S,m
it_4673_M,f
it_4674_L,f
it_4681_3XL,m
it_4682_L,m
it_4684_L,f
it_4686_L,f
it_4687_S,m
it_4697_M,m
it_4699_M,f
it_4702_4XL,f
it_4707_3XL,f
it_4717_S,f
it_4731_M,m
it_4732_M,f
it_4735_2XL,m
it_4739_M,m
it_4741_2XL,m
it_4742_L,f
it_4743_XL,m
it_4744_XL,f
it_4754_M,m
it_4755_M,m
it_4760_L,f
it_4762_2XL,m
it_4764_2XL,f
it_4765_M,m
it_4768_L,m
it_4771_M,f
it_4773_2XL,f
it_4781_L,f
it_4789_M,f
it_4792_S,m
it_4793_XL,f
it_4794_S,f
it_4800_M,m
nl_1001_M,f
nl_1025_XL,m
nl_1029_3XL,m
nl_1040_3XL,m
nl_1042_M,f
nl_1050_3XL,m
nl_1051_2XL,f
nl_1079_5XL,f
nl_1088_5XL,f
nl_1092_L,f
nl_1106_XL,f
nl_1112_XL,f
nl_1150_4XL,f
nl_1154_M,f
nl_1160_M,f
nl_1169_XL,f
nl_1175_XL,f
nl_1179_XL,f
nl_1184_3XL,f
nl_1190_XL,f
nl_1197_5XL,f
nl_1213_3XL,m
nl_1218_5XL,f
nl_1230_3XL,m
nl_1243_L,m
nl_1244_4XL,f
nl_1250_XL,f
nl_1258_2XL,m
nl_1260_3XL,f
nl_1262_4XL,f
nl_1267_5XL,f
nl_1270_M,f
nl_1271_3XL,m
nl_1273_2XL,m
nl_1279_XL,m
nl_1280_M,f
nl_1302_XL,f
nl_1304_2XL,f
nl_1305_S,f
nl_1333_2XL,f
nl_1355_2XL,f
nl_1361_L,m
nl_1373_XL,f
nl_1377_2XL,f
nl_1402_2XL,f
nl_1403_3XL,m
nl_1407_2XL,f
nl_1422_XL,f
nl_1431_4XL,f
nl_1437_XL,f
nl_1440_2XL,f
nl_2015_4XL,m
nl_2047_XL,m
nl_2066_3XL,m
nl_2160_L,f
nl_2198_XL,f
nl_2234_2XL,f
nl_2349_2XL,f
nl_2375_5XL,f
nl_2428_L,f
nl_4007_XL,m
nl_4009_2XL,m
nl_4013_3XL,m
nl_4018_M,m
nl_4019_XL,m
nl_4023_3XL,m
nl_4028_2XL,m
nl_4033_M,m
nl_4041_3XL,m
nl_4042_3XL,m
nl_4044_3XL,m
nl_5120_M,f
nl_5201_XL,f
nl_5208_XL,f
nl_5213_5XL,f
nl_5247_5XL,f
nl_5250_XL,f
nl_5254_5XL,f
nl_5267_2XL,f
nl_5282_5XL,m
nl_5307_3XL,f
nl_5308_XL,f
nl_5316_L,f
nl_5319_5XL,f
nl_5322_L,f
nl_5323_XL,f
nl_5336_L,f
nl_5340_XL,f
nl_5351_3XL,f
nl_5356_L,f
nl_5360_3XL,m
nl_5365_4XL,f
nl_5372_L,f
nl_5381_M,f
nl_5392_3XL,f
nl_5394_4XL,f
nl_5400_2XL,f
nl_5401_XL,f
nl_5408_L,f
nl_5411_XL,f
nl_5447_L,f
nl_5462_4XL,m
nl_5464_M,m
nl_5466_L,f
nl_5467_2XL,f
nl_5471_3XL,f
nl_5480_L,f
nl_5486_M,m
nl_5487_2XL,f
nl_5492_L,f
nl_5493_4XL,f
nl_5502_M,f
nl_5505_3XL,m
nl_5508_3XL,m
nl_5510_XL,f
nl_5523_XL,f
nl_5544_2XL,f
nl_5550_5XL,f
nl_5552_XL,f
nl_5553_2XL,f
nl_5559_L,f
nl_5560_L,m
nl_5562_XS,f
nl_5565_M,m
nl_5566_2XL,m
nl_5589_3XL,m
nl_5590_3XL,f
nl_5594_XL,f
nl_5595_L,f
nl_5599_2XL,f
nl_5600_2XL,m
nl_5601_S,m
nl_5603_L,f
nl_5615_3XL,f
nl_5616_L,f
nl_5621_2XL,m
nl_5625_XL,f
nl_5627_XL,f
nl_5632_XL,m
nl_5633_M,m
nl_5647_3XL,m
nl_5658_L,f
nl_5673_M,f
nl_5674_2XL,f
nl_5683_2XL,m
nl_5695_XL,f
nl_5697_L,f
nl_5698_L,f
nl_5711_L,f
nl_5712_4XL,f
nl_5722_2XL,m
nl_5724_3XL,f
nl_5725_XL,m
nl_5734_L,f
nl_5745_2XL,f
nl_5747_XL,f
nl_5749_XL,f
nl_5750_2XL,m
nl_5752_3XL,f
nl_5753_XL,f
nl_5760_4XL,f
nl_5763_XL,f
nl_5764_S,f
nl_5778_5XL,f
nl_5780_XS,f
nl_5786_4XL,m
nl_5791_3XL,m
nl_5792_2XL,m
nl_5810_2XL,m
nl_5811_XL,f
nl_5820_XL,f
nl_5829_XL,f
nl_5837_3XL,f
nl_5841_3XL,f
nl_5847_L,f
nl_5848_XL,f
nl_5854_XL,m
nl_5855_XL,m
nl_5858_XL,f
nl_5859_3XL,m
nl_5874_M,m
nl_5885_XL,f
nl_5886_3XL,m
nl_5887_L,f
nl_5895_2XL,m
nl_5905_2XL,f
nl_5925_3XL,m
nl_5932_L,f
nl_5933_M,f
nl_5939_M,f
nl_5942_3XL,f
nl_5945_L,m
nl_5952_2XL,m
nl_5955_XS,m
nl_5957_3XL,m
nl_5960_2XL,f
nl_5966_S,m
nl_5968_3XL,m
nl_5969_M,f
nl_5986_XS,m
nl_5990_L,f
nl_5992_M,f
nl_6001_3XL,m
nl_6027_3XL,m
nl_6028_XL,m
nl_6038_3XL,f
nl_6040_XL,f
nl_6070_3XL,m
nl_6075_3XL,m
nl_6076_XL,m
nl_6116_XL,m
nl_6117_L,m
nl_6126_M,m
nl_6135_XL,f
nl_6143_L,f
nl_6157_L,f
nl_6176_XL,m
nl_6188_L,m
nl_6204_XL,m
nl_6213_L,f
nl_6218_L,f
nl_6228_M,f
nl_6242_4XL,m
nl_6248_4XL,m
nl_6252_L,m
nl_6256_2XL,m
nl_6259_XS,m
nl_6261_5XL,m
nl_6266_3XL,m
nl_6273_XL,f
nl_6274_3XL,f
nl_6280_3XL,m
nl_6289_2XL,f
nl_6330_3XL,f
nl_6331_XL,f
nl_6338_5XL,m
nl_6343_XL,f
nl_6358_M,m
nl_6360_M,m
nl_6365_3XL,m
nl_6376_2XL,f
nl_6382_L,f
nl_6398_XS,f
nl_6408_2XL,f
nl_6425_M,f
nl_6436_L,m
nl_6445_L,f
nl_6455_XL,m
nl_6463_XL,f
nl_6464_3XL,f
nl_6494_M,m
nl_6496_2XL,f
nl_6506_2XL,m
nl_6537_4XL,m
nl_6544_L,f
nl_6553_3XL,m
nl_6560_3XL,f
nl_6562_5XL,f
nl_6566_M,f
nl_6569_2XL,m
nl_6585_M,m
nl_6586_M,m
nl_6589_M,f
nl_6597_3XL,f
nl_6608_M,f
nl_6622_M,f
nl_6625_L,f
nl_6630_L,f
nl_6631_L,m
nl_6635_XL,m
nl_6638_XL,m
nl_6641_4XL,f
nl_6646_2XL,m
nl_6648_M,f
nl_6649_L,m
nl_6651_L,f
nl_6657_2XL,m
nl_6658_M,m
nl_6659_2XL,f
nl_6660_L,f
nl_6663_3XL,m
nl_6665_3XL,m
nl_6666_M,m
nl_6672_M,f
nl_6674_L,m
nl_6675_L,f
nl_6676_M,f
nl_6677_M,f
nl_6714_M,m
nl_6718_2XL,m
nl_6732_L,m
nl_6733_M,f
nl_6735_XL,m
nl_6736_M,m
nl_6737_XL,m
nl_6738_M,m
nl_6739_M,m
nl_6751_L,m
nl_6752_M,m
nl_6757_L,m
nl_6760_XL,f
nl_6783_M,m
nl_6784_XL,m
nl_6786_M,m
nl_6795_XL,m
nl_6805_M,m
nl_6809_L,m
nl_6831_M,m
nl_6833_2XL,m
nl_6837_M,m
nl_6840_M,m
nl_6850_XL,m
nl_6870_XL,f
nl_6884_M,m
nl_6889_XL,m
nl_6893_M,m
nl_6894_M,m
nl_6895_M,m
nl_6911_M,m
nl_6919_L,m
nl_6929_M,m
nl_6987_2XL,f
nl_6989_4XL,f
nl_6993_M,m
nl_7016_S,m
nl_7025_XL,f
nl_7049_M,m
nl_7050_M,m
nl_7054_XS,m
nl_7055_S,m
nl_7057_M,m
nl_7069_M,m
us_0002_3XL,m
us_0007_3XL,m
us_0008_XL,m
us_0010_3XL,m
us_0013_M,m
us_0014_L,f
us_0015_M,f
us_0016_M,m
us_0017_5XL,f
us_0024_2XL,m
us_0025_3XL,m
us_0030_XL,m
us_0047_XL,m
us_0049_L,m
us_0050_2XL,m
us_0054_XL,f
us_0055_XL,f
us_0056_L,f
us_0057_XL,m
us_0058_XL,m
us_0060_L,f
us_0063_3XL,m
us_0065_M,f
us_0067_L,f
us_0072_M,f
us_0074_M,f
us_0076_XL,f
us_0081_2XL,m
us_0086_3XL,f
us_0093_L,f
us_0094_2XL,f
us_0096_L,f
us_0097_L,f
us_0100_2XL,m
us_0103_3XL,m
us_0105_3XL,m
us_0118_XL,f
us_0121_L,f
us_0122_5XL,m
us_0125_2XL,f
us_0126_2XL,m
us_0127_XL,f
us_0129_3XL,m
us_0131_2XL,m
us_0132_XL,m
us_0136_S,f
us_0143_M,f
us_0144_XL,m
us_0145_M,m
us_0146_M,m
us_0148_XL,m
us_0152_XL,m
us_0154_L,m
us_0156_4XL,m
us_0157_3XL,m
us_0160_M,f
us_0161_L,f
us_0167_M,m
us_0168_3XL,m
us_0169_3XL,m
us_0172_3XL,m
us_0173_3XL,m
us_0174_XL,f
us_0176_3XL,f
us_0180_L,m
us_0185_M,f
us_0187_3XL,m
us_0188_3XL,m
us_0189_M,f
us_0190_2XL,m
us_0193_XL,m
us_0196_5XL,m
us_0198_XL,m
us_0199_3XL,m
us_0203_M,f
us_0207_M,m
us_0209_2XL,m
us_0211_XL,m
us_0212_XL,m
us_0213_3XL,f
us_0215_3XL,m
us_0216_L,f
us_0217_4XL,m
us_0223_XL,m
us_0225_L,f
us_0226_3XL,f
us_0228_M,m
us_0237_3XL,m
us_0238_XL,m
us_0244_M,f
us_0247_2XL,m
us_0253_3XL,m
us_0269_2XL,f
us_0270_XL,f
us_0272_3XL,m
us_0273_L,m
us_0279_XL,m
us_0281_XL,m
us_0289_2XL,m
us_0290_L,f
us_0293_3XL,m
us_0295_2XL,m
us_0299_XL,m
us_0300_M,m
us_0303_XL,m
us_0304_M,f
us_0307_M,f
us_0311_XL,m
us_0316_2XL,m
us_0317_XL,f
us_0327_4XL,f
us_0373_2XL,m
us_0377_XL,f
us_0381_M,f
us_0387_L,f
us_0388_2XL,m
us_0397_2XL,m
us_0402_M,f
us_0403_3XL,m
us_0404_XL,f
us_0405_3XL,m
us_0409_XL,f
us_0410_XL,m
us_0416_L,f
us_0418_L,f
us_0420_M,m
us_0422_XL,m
us_0425_M,m
us_0428_2XL,m
us_0430_3XL,m
us_0431_4XL,m
us_0434_M,f
us_0437_4XL,m
us_0438_3XL,f
us_0442_XL,m
us_0444_3XL,m
us_0445_4XL,m
us_0447_XL,m
us_0448_3XL,m
us_0453_3XL,m
us_0454_3XL,m
us_0455_XL,m
us_0456_2XL,m
us_0461_L,f
us_0462_2XL,m
us_0465_L,f
us_0470_2XL,m
us_0471_3XL,m
us_0472_L,f
us_0474_3XL,m
us_0476_L,f
us_0479_XL,m
us_0481_XL,m
us_0490_M,f
us_0492_3XL,m
us_0496_L,m
us_0498_3XL,m
us_0500_2XL,m
us_0501_3XL,m
us_0504_4XL,m
us_0506_3XL,m
us_0507_2XL,m
us_0512_3XL,m
us_0514_2XL,m
us_0518_2XL,m
us_0519_M,f
us_0520_3XL,m
us_0525_4XL,m
us_0530_M,f
us_0532_2XL,m
us_0538_2XL,m
us_0540_3XL,m
us_0541_2XL,m
us_0542_4XL,m
us_0547_XL,m
us_0548_XL,m
us_0549_XL,m
us_0550_L,m
us_0554_3XL,m
us_0555_XL,m
us_0562_3XL,m
us_0565_4XL,m
us_0566_2XL,m
us_0572_M,m
us_0573_XL,f
us_0574_4XL,m
us_0575_XL,m
us_0579_XL,m
us_0580_3XL,m
us_0586_M,f
us_0587_XL,m
us_0590_L,f
us_0591_3XL,m
us_0594_XL,f
us_0597_3XL,m
us_0598_M,f
us_0601_3XL,m
us_0602_L,m
us_0603_XL,m
us_0606_XL,m
us_0610_3XL,m
us_0611_2XL,m
us_0612_M,m
us_0613_4XL,m
us_0615_3XL,f
us_0620_3XL,m
us_0621_M,f
us_0623_L,m
us_0627_M,f
us_0628_L,f
us_0629_4XL,m
us_0633_5XL,m
us_0636_2XL,m
us_0638_L,m
us_0648_3XL,m
us_0652_2XL,m
us_0653_3XL,m
us_0663_L,f
us_0664_3XL,m
us_0666_2XL,m
us_0669_XL,m
us_0670_L,m
us_1031_3XL,m
us_1032_M,f
us_1035_L,f
us_1038_L,f
us_1040_M,m
us_1045_3XL,m
us_1047_L,f
us_1048_XL,m
us_1049_4XL,m
us_1052_3XL,m
us_1058_L,f
us_1063_3XL,f
us_1064_XL,m
us_1066_3XL,m
us_1067_2XL,m
us_1069_M,m
us_1070_L,f
us_1072_3XL,m
us_1074_M,f
us_1077_L,f
us_1078_L,f
us_1081_L,f
us_1094_L,m
us_1099_XL,m
us_1103_2XL,m
us_1105_2XL,f
us_1106_M,m
us_1108_M,m
us_1110_S,m
us_1114_2XL,m
us_1115_M,m
us_1117_XL,m
us_1119_L,m
us_1126_XL,m
us_1127_M,f
us_1129_S,m
us_1130_2XL,f
us_1131_3XL,m
us_1139_L,f
us_1143_2XL,m
us_1152_L,f
us_1153_2XL,m
us_1164_L,f
us_1166_3XL,f
us_1168_M,f
us_1170_2XL,m
us_1175_XL,f
us_1176_L,m
us_1177_5XL,f
us_1179_4XL,m
us_1184_3XL,f
us_1185_2XL,m
us_1187_L,m
us_1190_3XL,m
us_1191_XL,m
us_1193_XL,m
us_1195_XL,f
us_1198_XL,f
us_1200_L,f
us_1202_3XL,f
us_1209_2XL,f
us_1211_XL,m
us_1212_L,f
us_1213_L,f
us_1216_XL,m
us_1222_L,f
us_1228_4XL,m
us_1230_2XL,m
us_1231_M,f
us_1232_M,m
us_1233_L,f
us_1234_2XL,m
us_1238_3XL,m
us_1239_XL,f
us_1240_L,f
us_1243_3XL,m
us_1244_3XL,m
us_1245_L,m
us_1249_L,f
us_1250_XL,f
us_1251_2XL,f
us_1253_XL,f
us_1254_M,f
us_1259_3XL,m
us_1260_4XL,m
us_1265_M,m
us_1267_L,m
us_1269_XL,f
us_1270_L,f
us_1276_3XL,m
us_1277_5XL,f
us_1278_3XL,m
us_1280_3XL,f
us_1281_L,f
us_1282_4XL,m
us_1283_XL,f
us_1284_M,f
us_1286_4XL,m
us_1288_3XL,m
us_1295_3XL,m
us_1296_L,f
us_1297_L,f
us_1298_XL,f
us_1299_5XL,f
us_1300_3XL,f
us_1301_2XL,f
us_1302_XL,f
us_1303_XL,f
us_1304_3XL,f
us_1308_2XL,m
us_1312_3XL,f
us_1316_3XL,f
us_1317_2XL,m
us_1318_3XL,m
us_1320_XL,m
us_1322_3XL,m
us_1324_XL,f
us_1326_L,m
us_1327_XL,m
us_1329_4XL,m
us_1331_XL,f
us_1332_4XL,m
us_1337_L,m
us_1340_2XL,m
us_1342_L,f
us_1343_XL,m
us_1346_L,m
us_1354_XL,m
us_1355_3XL,m
us_1357_M,m
us_1358_4XL,m
us_1359_M,f
us_1360_5XL,f
us_1361_M,f
us_1362_XL,f
us_1363_XL,f
us_1365_L,f
us_1366_2XL,m
us_1367_XL,m
us_1370_S,m
us_1373_M,f
us_1375_L,f
us_1376_M,f
us_1377_3XL,m
us_1379_3XL,f
us_1380_4XL,m
us_1383_3XL,m
us_1386_3XL,m
us_1387_L,f
us_1388_L,f
us_1390_M,f
us_1391_XL,f
us_1393_3XL,m
us_1396_XL,f
us_1399_L,f
us_1403_L,f
us_1404_XL,m
us_1407_2XL,f
us_1408_2XL,m
us_1409_XL,f
us_1410_M,f
us_1411_2XL,m
us_1413_4XL,f
us_1414_L,f
us_1415_L,f
us_1416_2XL,f
us_1421_L,f
us_1422_L,f
us_1425_M,m
us_1429_2XL,m
us_1430_2XL,m
us_1431_3XL,f
us_1433_XL,f
us_1434_M,f
us_1437_3XL,m
us_1439_XL,m
us_1440_4XL,m
us_1441_XL,f
us_1442_3XL,f
us_1443_4XL,m
us_1444_5XL,m
us_1450_L,m
us_1455_M,m
us_1456_XL,f
us_1459_3XL,f
us_1462_L,f
us_1466_2XL,m
us_1467_4XL,f
us_1469_L,f
us_1472_S,f
us_1473_5XL,m
us_1475_L,f
us_1477_3XL,f
us_1479_L,m
us_1480_XL,m
us_1484_M,m
us_1486_L,m
us_1491_XL,m
us_1493_XL,f
us_1494_L,m
us_1499_M,m
us_1501_XL,m
us_1502_4XL,m
us_1503_L,m
us_1505_XL,m
us_1509_3XL,m
us_1512_L,f
us_1513_3XL,m
us_1516_L,m
us_1519_L,m
us_1521_XL,m
us_1522_3XL,m
us_1523_S,f
us_1524_M,m
us_1525_L,f
us_1527_XL,m
us_1530_3XL,f
us_1531_2XL,m
us_1535_2XL,f
us_1540_L,f
us_1544_XL,f
us_1545_3XL,m
us_1552_3XL,m
us_1556_M,f
us_1557_2XL,f
us_1558_3XL,m
us_1560_3XL,m
us_1561_2XL,m
us_1567_L,m
us_1568_M,m
us_1570_2XL,m
us_1571_3XL,m
us_1573_M,f
us_1574_3XL,m
us_1575_L,f
us_1581_3XL,m
us_1582_2XL,m
us_1584_S,m
us_1585_4XL,m
us_1591_L,f
us_1593_3XL,m
us_1598_2XL,m
us_1599_3XL,m
us_1600_M,m
us_1601_XL,m
us_1602_2XL,m
us_1603_4XL,f
us_1605_M,f
us_1606_L,f
us_1607_M,f
us_1608_XL,f
us_1611_2XL,m
us_1614_4XL,m
us_1615_L,f
us_1616_3XL,f
us_1618_M,f
us_1620_3XL,f
us_1621_XL,m
us_1622_L,f
us_1625_M,f
us_1627_XL,f
us_1630_M,f
us_1632_2XL,m
us_1634_L,f
us_1636_XL,f
us_1637_4XL,m
us_1640_5XL,f
us_1644_L,f
us_1648_M,f
us_1649_5XL,f
us_1650_M,m
us_1651_XL,m
us_1653_3XL,m
us_1654_4XL,m
us_1655_2XL,m
us_1657_L,f
us_1659_4XL,m
us_1663_3XL,f
us_1667_2XL,m
us_1668_3XL,m
us_1669_S,f
us_1670_4XL,m
us_1671_M,f
us_1675_M,f
us_1676_XL,m
us_1678_XL,m
us_1681_2XL,m
us_1683_2XL,f
us_1685_M,f
us_1687_2XL,m
us_1689_M,f
us_1690_M,m
us_1692_3XL,m
us_1694_2XL,m
us_1699_3XL,m
us_1702_2XL,m
us_1703_3XL,f
us_1705_XL,f
us_1707_3XL,m
us_1709_L,f
us_1712_M,m
us_1715_XL,m
us_1719_XL,f
us_1720_3XL,m
us_1723_3XL,f
us_1726_3XL,f
us_1727_XL,f
us_1730_M,f
us_1732_S,f
us_1733_5XL,f
us_1735_2XL,m
us_1737_4XL,m
us_1738_XL,f
us_1739_L,f
us_1740_S,m
us_1742_XL,f
us_1745_4XL,m
us_1747_S,m
us_1749_3XL,f
us_1752_XL,f
us_1753_2XL,f
us_1756_XL,m
us_1757_XL,f
us_1761_XL,m
us_1762_M,f
us_1764_L,f
us_1765_L,f
us_1776_L,f
us_1777_XL,m
us_1779_L,f
us_1785_3XL,m
us_1786_XL,m
us_1791_2XL,f
us_1793_XL,f
us_1795_XL,f
us_1796_L,f
us_1797_3XL,m
us_1798_M,m
us_1800_L,m
us_1806_XL,f
us_1807_XL,f
us_1810_L,f
us_1812_M,f
us_1815_2XL,f
us_1816_2XL,m
us_1818_4XL,m
us_1829_M,f
us_1830_3XL,f
us_1837_M,f
us_1840_4XL,m
us_1842_2XL,m
us_1843_3XL,f
us_1844_L,f
us_1847_M,m
us_1849_M,f
us_1851_3XL,m
us_1853_L,f
us_1855_M,f
us_1856_3XL,m
us_1858_M,m
us_1861_5XL,f
us_1862_M,f
us_1863_M,f
us_1872_3XL,m
us_1875_3XL,f
us_1877_L,f
us_1879_3XL,f
us_1886_M,f
us_1889_XL,f
us_1891_M,f
us_1892_S,m
us_1893_L,m
us_1899_XL,f
us_1903_L,m
us_1908_2XL,f
us_1911_S,f
us_1916_5XL,f
us_1921_XL,f
us_1922_2XL,m
us_1926_L,f
us_1930_3XL,f
us_1932_XL,f
us_1933_4XL,m
us_1934_M,f
us_1935_L,f
us_1942_5XL,f
us_1944_3XL,f
us_1948_2XL,m
us_1952_L,f
us_1954_L,f
us_1957_XL,m
us_1958_M,f
us_1959_2XL,m
us_1961_M,f
us_1964_4XL,f
us_1966_L,m
us_1967_M,f
us_1972_L,f
us_1973_3XL,f
us_1974_3XL,m
us_1978_M,f
us_1986_M,f
us_1987_M,m
us_1988_M,m
us_1991_2XL,m
us_1996_XL,m
us_1998_M,f
us_2006_3XL,m
us_2008_XL,f
us_2011_M,f
us_2019_L,f
us_2021_L,f
us_2026_L,f
us_2035_3XL,m
us_2044_3XL,m
us_2047_L,f
us_2048_XL,f
us_2051_XL,f
us_2056_XL,f
us_2058_M,m
us_2059_2XL,f
us_2060_3XL,f
us_2063_XL,m
us_2065_L,f
us_2066_3XL,m
us_2067_2XL,f
us_2070_XL,f
us_2072_XS,m
us_2073_4XL,f
us_2074_3XL,f
us_2077_M,f
us_2078_M,f
us_2080_XL,f
us_2081_3XL,f
us_2083_2XL,m
us_2087_XL,f
us_2090_M,f
us_2092_XL,m
us_2098_XL,f
us_2106_L,f
us_2107_M,f
us_2116_2XL,f
us_2118_2XL,f
us_2131_L,m
us_2137_XL,m
us_2140_L,f
us_2158_5XL,f
us_2161_2XL,m
us_2162_2XL,m
us_2173_2XL,f
us_2174_3XL,f
us_2176_3XL,f
us_2177_M,m
us_2193_XL,m
us_2204_XL,f
us_2214_4XL,m
us_2216_5XL,f
us_2235_4XL,f
us_2243_L,f
us_2244_2XL,m
us_2248_M,f
us_2252_XL,m
us_2258_3XL,f
us_2261_3XL,m
us_2262_M,f
us_2270_3XL,m
us_2271_2XL,m
us_2279_4XL,m
us_2281_L,f
us_2284_5XL,f
us_2285_4XL,m
us_2287_XL,f
us_2288_3XL,m
us_2294_4XL,f
us_2296_XL,m
us_2300_5XL,f
us_2306_3XL,f
us_2316_5XL,f
us_2334_M,f
us_2336_L,f
us_2339_M,f
us_2342_3XL,m
us_2343_2XL,m
us_2344_M,f
us_2349_XL,m
us_2351_4XL,m
us_2355_3XL,f
us_2357_2XL,f
us_2359_3XL,f
us_2363_L,f
us_2367_2XL,f
us_2373_3XL,m
us_2376_3XL,m
us_2377_5XL,f
us_2378_4XL,m
us_2384_XL,f
us_2386_XL,f
us_2388_2XL,f
us_2390_XL,f
us_2392_2XL,m
us_2396_2XL,m
us_2400_L,f
us_2401_4XL,m
us_2404_L,f
us_2405_6XL,f
us_2407_2XL,m
us_2409_5XL,m
us_2412_L,f
us_2415_XL,f
us_2419_M,f
us_2422_L,f
us_2425_XL,f
us_2426_L,f
us_2427_XL,f
us_2429_2XL,f
us_2434_M,f
us_2436_XL,f
us_2438_L,f
us_2440_XS,f
us_2441_4XL,f
us_2442_L,f
us_2444_4XL,m
us_2445_XL,f
us_2446_3XL,m
us_2447_3XL,m
us_2450_XL,f
us_2451_XL,f
us_2452_XL,f
us_2453_M,f
us_2456_3XL,f
us_2459_3XL,m
us_2466_M,f
us_2467_4XL,m
us_2468_2XL,m
us_2470_3XL,m
us_2471_XL,f
us_2472_XL,f
us_2473_XL,m
us_2476_2XL,f
us_2477_4XL,m
us_2478_3XL,m
us_2479_3XL,m
us_2482_L,f
us_2484_S,f
us_2485_M,m
us_2487_XL,f
us_2489_2XL,m
us_2492_L,f
us_2493_L,f
us_2495_L,f
us_2500_2XL,f
us_2501_4XL,f
us_2504_S,m
us_2506_4XL,m
us_2509_L,f
us_2517_XL,f
us_2519_3XL,m
us_2522_4XL,m
us_2525_2XL,m
us_2526_L,f
us_2528_S,f
us_2530_2XL,m
us_2536_3XL,f
us_2537_M,f
us_2540_3XL,m
us_2541_XL,m
us_2553_L,f
us_2554_XL,f
us_2557_L,f
us_2559_L,f
us_2560_L,f
us_2566_M,f
us_2568_2XL,m
us_2579_M,f
us_2582_5XL,m
us_2584_M,f
us_2585_M,f
us_2586_L,f
us_2588_XL,f
us_2592_5XL,f
us_2595_XL,f
us_2600_M,f
us_2609_2XL,f
us_2632_XL,f
us_2633_L,f
us_2639_M,f
us_2652_3XL,f
us_2660_L,f
us_2665_L,f
us_2671_2XL,f
us_2672_XL,f
us_2686_XL,f
us_2690_M,f
us_2691_L,f
us_2693_M,f
us_2699_L,f
us_2702_XL,f
us_2705_3XL,f
us_2708_L,f
us_2710_2XL,f
us_2713_4XL,f
us_2725_L,f
us_2728_L,f
us_2734_XL,f
us_2735_L,f
us_2741_M,f
us_2745_M,f
us_2755_M,f
us_2757_XL,f
us_2760_XL,f
us_2763_2XL,f
us_2768_L,f
us_2771_XL,f
us_2774_L,f
us_2782_L,f
us_2787_XL,f
us_2794_M,f
us_2795_L,f
us_2802_XL,f
us_2806_XL,f
us_2810_4XL,f
us_2815_XL,f
us_2817_2XL,f
us_2819_XL,f
us_2820_XL,f
us_2827_XL,f
us_2829_3XL,f
us_2830_L,f
us_2833_3XL,f
us_2836_M,f
us_2837_XL,f
us_2838_M,f
us_2843_XL,f
us_2846_XL,f
us_2848_5XL,f
us_2850_XL,f
us_2851_3XL,f
us_2854_XL,f
us_2859_5XL,f
us_2868_L,f
us_2878_2XL,f
us_2883_3XL,f
us_2885_M,f
us_2896_6XL,f
us_2901_L,f
us_2905_2XL,f
us_2919_S,f
us_2923_5XL,f
us_2924_L,f
us_2934_XL,f
us_2940_M,f
us_2941_S,f
us_2943_M,f
us_2946_3XL,f
us_2947_3XL,f
moyo,f
